guest_email,has_rewards,room_type,amenities_fee,checkin_date,checkout_date,room_rate,billing_address,credit_card_number
zachary60@example.net,False,BASIC,0.002024356766294139,2020-04-23,2021-11-28,133.86052734032586,"93354 Lisa Junction
Lake Baileytown, WI 90673",2720029444912798.0
yhodge@example.org,False,SUITE,0.002024356766294139,2020-08-02,2020-01-29,120.24940123197476,"USNS Le
FPO AA 12028",340247116800604.0
sarah11@example.net,False,BASIC,0.002024356766294139,2021-06-18,2020-03-12,255.96412022043003,"9012 Dakota Springs Suite 509
New Sabrinafort, NH 83206",3517382137255735.0
jill88@example.org,False,BASIC,0.002024356766294139,2025-01-02,2020-03-05,121.6124794592481,"432 Cheryl Lights
New Melissa, MS 61828",379325068528441.0
briannawelch@example.net,False,DELUXE,0.002024356766294139,2021-09-09,2020-05-20,107.94424174167756,"276 David Valley
Brookston, WV 05494",4131831589683046.0
deborahsawyer@example.com,False,BASIC,0.002024356766294139,2020-01-31,2020-02-11,115.14924471131964,"07042 Lauren Mill
Dawnshire, LA 32432",180055334688781.0
zstephenson@example.com,False,BASIC,0.002024356766294139,2021-05-27,2021-04-07,117.12687273632017,"120 Stewart Throughway Apt. 174
West Brenda, DE 76252",3556236745178980.0
qhawkins@example.org,True,SUITE,0.002024356766294139,2022-09-15,2020-07-16,149.06110091350274,"4506 Evelyn Radial Apt. 220
East Manuel, MT 20840",2341933109547188.0
dennis70@example.net,False,SUITE,0.002024356766294139,2021-07-03,2020-01-30,145.51719242810475,"408 Ali Locks
North William, UT 39701",3542532050093021.0
hatfieldjonathon@example.com,True,BASIC,0.002024356766294139,2021-04-28,2021-09-13,124.93832757739774,"494 Rocha Village
Davisbury, AS 97746",6011973326146349.0
qflores@example.net,True,BASIC,0.002024356766294139,2020-05-29,2020-02-15,131.89095055479302,"890 Hernandez Gardens
South Brittanyshire, ND 00966",3598431856124424.0
watkinskayla@example.org,True,SUITE,0.002024356766294139,2020-08-02,2021-03-07,103.37094177020263,"516 Kevin Common
Gillport, MH 34567",6535110432975017.0
kcaldwell@example.com,False,SUITE,0.002024356766294139,2020-08-10,2020-09-19,133.17468655593376,"USS Cruz
FPO AA 78041",3592322416493571.0
sanfordmichelle@example.com,True,DELUXE,0.002024356766294139,2021-03-03,2020-11-27,107.37003876665418,"Unit 2820 Box 8933
DPO AA 55550",343346562991722.0
richard21@example.com,False,BASIC,0.002024356766294139,2020-03-15,2020-02-17,117.48632631643287,"418 Bailey Forest
New Paula, MA 83563",4972643918170294.0
cynthia33@example.net,True,SUITE,0.002024356766294139,2020-12-17,2020-07-17,130.10220725551878,"6173 Brenda Mews Suite 517
Lake Alexis, AS 24345",30386017870087.0
jamiemedina@example.org,True,BASIC,0.002024356766294139,2020-07-17,2020-01-28,150.00001958593452,"388 Williams Road Suite 841
South Susan, MD 64249",36668644776645.0
lisamoore@example.net,False,BASIC,0.002024356766294139,2020-11-28,2023-07-03,231.15106693983392,"636 Nelson Rest
Lindsayport, MO 55694",2222105056208098.0
georgehernandez@example.net,False,BASIC,0.002024356766294139,2024-11-09,2020-01-09,327.8184144888572,"79611 Barnes Pine Suite 704
Michaelberg, AR 72266",3504297784102789.0
megan18@example.com,False,SUITE,0.002024356766294139,2020-04-05,2020-10-10,243.10472037135904,"95499 Martin Street
Nguyenport, HI 35883",4770288610904.0
chamberseric@example.org,False,BASIC,0.002024356766294139,2021-07-18,2020-08-02,235.0269161377255,"378 Mills Wells
Powershaven, MI 90229",3509247735039007.0
stonephillip@example.net,False,SUITE,0.002024356766294139,2022-05-22,2020-09-15,226.8770299351742,"92876 Luke Wells
Toddshire, NC 81975",3587910997175067.0
kvillanueva@example.net,False,BASIC,0.002024356766294139,2020-10-05,2020-06-09,164.48708374085982,"51438 Nathan Green
Lake Sheena, NC 15878",30314245724363.0
rmoreno@example.org,True,BASIC,0.002024356766294139,2020-12-29,2023-02-25,191.45920736934005,"3370 Kimberly Green
Port Melissa, MS 77126",4.5705152307933967e+18
donald41@example.com,True,BASIC,0.002024356766294139,2020-04-03,2020-02-04,100.20253058735334,"68995 Joshua Ville
East Justin, UT 26774",4364143229756184.0
michaeljefferson@example.org,False,SUITE,0.002024356766294139,2020-03-09,2023-12-29,120.45814303568112,"390 Pennington Burg
South Karen, TX 21618",4682655097120115.0
jessica10@example.com,False,BASIC,0.002024356766294139,2020-10-12,2020-01-21,149.74743016059847,"855 Armstrong Prairie Apt. 078
Maryside, WY 82164",6011378898184563.0
alexathomas@example.net,False,BASIC,0.002024356766294139,2020-08-22,2020-03-27,107.05675047652701,"082 Stephanie Isle Apt. 181
Lake Coryhaven, NM 05007",3574288792020803.0
tford@example.net,False,BASIC,0.002024356766294139,2021-01-15,2021-02-05,112.36692107258096,"5811 Joshua Brook
West Cliffordland, IL 34216",6011127776188638.0
mskinner@example.com,True,BASIC,0.002024356766294139,2025-02-04,2020-07-30,190.90980288847015,"471 Atkins Ports Apt. 918
South Shelleymouth, WA 91912",4915734623338.0
rmatthews@example.net,True,BASIC,0.002024356766294139,2024-07-30,2022-10-21,124.42691280890521,"063 Hansen Lakes Apt. 506
West Thomas, FM 86959",3596670457867434.0
erica28@example.org,False,DELUXE,0.002024356766294139,2025-01-26,2020-08-13,145.4152083232784,"25416 Henry Drive
Greenhaven, NC 07764",347610201621388.0
ybailey@example.net,False,BASIC,0.002024356766294139,2020-01-18,2023-10-09,115.40912082057434,"3365 Andrew Manor
Leeview, CA 99588",4.761917449704347e+18
cole55@example.net,True,BASIC,0.002024356766294139,2021-04-06,2022-09-02,192.18915464958008,"3393 Terry Park Apt. 978
Samanthaborough, GU 58997",180046317536584.0
tiffany33@example.org,False,BASIC,0.002024356766294139,2021-02-15,2020-04-01,192.54825801983,"96464 Courtney Oval
Lake Robertmouth, NV 53170",213157364279845.0
emills@example.org,True,SUITE,0.002024356766294139,2021-02-02,2021-05-20,128.68270419843907,"6763 Jessica Locks Apt. 619
Castrofort, NV 54801",4.916455006327972e+18
mwilliams@example.com,False,BASIC,0.002024356766294139,2021-05-16,2024-06-14,212.71167524213135,"USNV Bennett
FPO AE 19136",5528648240456861.0
upugh@example.com,True,BASIC,0.002024356766294139,2020-08-03,2020-06-07,256.8800468023258,"Unit 5580 Box 2160
DPO AA 69775",213107385015868.0
amy26@example.com,False,BASIC,0.002024356766294139,2020-04-01,2020-05-08,227.06020005048376,"8463 Tommy Passage Suite 324
East Andrea, NC 18954",4297183298097591.0
chernandez@example.net,False,BASIC,0.002024356766294139,2024-04-17,2020-01-13,102.84825720225759,"PSC 2487, Box 2142
APO AA 39313",30161136412370.0
kennethpatterson@example.com,True,BASIC,0.002024356766294139,2020-04-30,2020-07-04,147.63109485132298,"91039 Johnston Keys Apt. 826
Garciamouth, WA 13754",3543900446320458.0
dylanibarra@example.org,False,DELUXE,0.002024356766294139,2021-01-03,2024-03-07,139.53580150998914,"9075 Robert Harbor
New Cynthiatown, CA 80316",575727413339.0
matthew45@example.org,False,DELUXE,0.002024356766294139,2024-06-19,2020-02-22,140.32902814077815,"936 Villarreal Junction
Dylanside, VA 94142",345961995977573.0
benjamin97@example.net,False,DELUXE,0.002024356766294139,2023-12-23,2020-07-20,102.65469508324972,"98501 Sandra Club
Nelsonborough, GA 63336",4667853650677220.0
jenniferhawkins@example.org,True,BASIC,0.002024356766294139,2020-10-26,2020-05-07,123.04911694190942,"67909 Wilson Terrace Apt. 869
Rogershaven, CT 23000",3527844778003276.0
ashleydillon@example.org,False,BASIC,0.002024356766294139,2021-03-20,2020-03-30,146.76134454347513,"10481 Harris Motorway Suite 220
East Jeanmouth, MT 44787",676209218541.0
bonillajoseph@example.org,True,BASIC,0.002024356766294139,2020-05-20,2020-05-28,126.59887320201184,"7237 Graves Lights
Whitefort, VI 68641",6549797663470710.0
nealchristina@example.org,True,BASIC,0.002024356766294139,2020-06-15,2020-11-08,388.3930178380005,"888 Luis Drives
Lake Jacqueline, MN 35554",2261363821705540.0
alvarezstephanie@example.com,False,DELUXE,0.002024356766294139,2020-01-13,2020-09-03,160.7145526964821,"635 Andrew Glen Apt. 143
Brianbury, WY 22382",3524979811329990.0
joshua92@example.com,True,BASIC,0.002024356766294139,2020-12-10,2020-12-03,112.84987071289073,"533 Michelle Pass
West Scott, NH 91722",675936552743.0
ehanson@example.net,False,BASIC,0.002024356766294139,2021-03-25,2024-05-06,114.09142378078683,"Unit 6756 Box 6098
DPO AE 49928",349708087305437.0
donaldcobb@example.org,True,SUITE,0.002024356766294139,2020-02-24,2020-06-12,166.55755486574802,"66166 Brooks Walks Apt. 203
South Jeannemouth, AK 32773",2248251820223334.0
jenniferrodriguez@example.com,True,BASIC,0.002024356766294139,2020-03-23,2020-09-04,255.1534533298859,"1771 Smith Forges Suite 221
East Seanfurt, IN 22045",180072486465884.0
cschmidt@example.org,False,BASIC,0.002024356766294139,2020-06-21,2020-10-06,232.1794475551922,"8168 Felicia Stream
Benjaminberg, SC 99674",180068858472821.0
jameswhite@example.com,True,BASIC,0.002024356766294139,2020-03-22,2022-09-16,282.5010162830872,"124 Suarez Place Suite 627
Matthewton, WI 27638",4671446850069324.0
gilmoredavid@example.org,False,SUITE,0.002024356766294139,2020-03-21,2024-02-16,230.82975147295105,"USNS Lindsey
FPO AP 09210",372528478483167.0
lawrencespears@example.net,False,BASIC,0.002024356766294139,2020-06-30,2020-05-23,132.10672313353467,"00886 Rogers Burg
West Matthew, MO 37579",589568930657.0
denise40@example.org,False,SUITE,0.002024356766294139,2020-09-02,2020-05-05,371.2331402512787,"172 Carolyn Mews
Andrewberg, AS 41336",2235409727014637.0
lberry@example.org,False,BASIC,0.002024356766294139,2025-01-25,2024-09-30,167.7792134171816,"024 Nancy Glens
Sarahmouth, VI 07161",213164665364441.0
ltaylor@example.net,False,BASIC,0.002024356766294139,2024-11-10,2020-06-23,104.34829480460436,"68784 Veronica Spur Suite 629
New Logan, HI 95688",4705702380734.0
marisawright@example.org,True,BASIC,0.002024356766294139,2021-04-24,2022-06-06,154.78894935300445,"97501 Walters Radial Apt. 918
Michaelton, MN 84948",6011837322628677.0
lisa99@example.com,True,DELUXE,0.002024356766294139,2020-06-24,2024-03-19,116.32254886985132,"0225 Allen Freeway Apt. 218
Thomasland, MS 62867",4392406196564568.0
jchang@example.com,True,SUITE,0.002024356766294139,2020-12-27,2023-12-28,168.17691978901695,"662 Paula Mews Apt. 141
Weaverburgh, GA 74101",4273658251808314.0
watsonjoseph@example.org,False,DELUXE,0.002024356766294139,2020-08-08,2020-07-17,197.4585275611363,"8049 Powers Terrace Suite 107
Jamesville, KY 11573",3576022316804360.0
heather31@example.com,False,BASIC,0.002024356766294139,2020-08-07,2020-01-21,129.60082240175655,"2521 Monica Court
West Katie, VA 61447",180020291213965.0
isanchez@example.com,False,BASIC,0.002024356766294139,2020-01-07,2022-12-20,142.91660882335964,"80352 Michelle Cove Apt. 582
Sandramouth, GA 80982",213110667582472.0
christopherdawson@example.org,False,BASIC,0.002024356766294139,2024-11-04,2020-10-07,123.95182274000221,"48019 Brandon Mall Apt. 303
Lopezborough, AS 70232",4018107336680470.0
matthew73@example.org,False,SUITE,0.002024356766294139,2020-08-16,2020-05-16,163.0593689777137,"310 Morrow Locks Apt. 411
Lake Travisfurt, GA 52900",502061277641.0
raymondsalazar@example.org,False,BASIC,0.002024356766294139,2020-01-12,2020-07-18,195.28361795053536,"841 Black Island Apt. 202
Santanamouth, ME 13282",3553809649709325.0
andrewvazquez@example.com,True,BASIC,0.002024356766294139,2020-10-28,2020-06-10,104.14554933627184,"0671 Brian Motorway
Jasonside, PW 29683",4911630556706.0
ilucas@example.net,True,BASIC,0.002024356766294139,2021-02-07,2024-03-06,113.32716846366706,"02405 Esparza Pass
New Mary, NC 95703",36014656179669.0
jonesterri@example.com,False,BASIC,0.002024356766294139,2020-06-02,2020-01-24,162.62257693970292,"356 Harris Squares Suite 801
Lake Amymouth, UT 71114",3579302512133815.0
jennifercrosby@example.org,True,DELUXE,0.002024356766294139,2024-11-17,2020-12-10,257.1978654074945,"11855 Justin Centers
Robertsview, MT 89583",4647668585858.0
sbaldwin@example.com,False,SUITE,0.002024356766294139,2021-05-24,2020-07-10,375.3332981287009,"9911 Donna Lights Apt. 967
Simpsonfurt, CO 47199",4.819880836655046e+18
miguel82@example.net,True,SUITE,0.002024356766294139,2021-08-11,2020-06-09,321.9970155279357,"98834 Davis Harbor
Thomasfurt, NJ 66804",341144170595908.0
burgesschristina@example.com,False,DELUXE,0.002024356766294139,2020-10-10,2020-01-16,162.52308797524327,"0936 Williams Mall Apt. 785
Muellerchester, WI 18974",675904314092.0
omarmorris@example.com,True,SUITE,0.002024356766294139,2020-05-21,2020-02-26,115.47082705694461,"7246 Hughes Street
Williamsburgh, WY 06145",3512830108127346.0
christopher25@example.org,True,DELUXE,0.002024356766294139,2020-08-22,2024-01-16,421.901478466185,"81782 Simpson Forks
Austinshire, IA 20211",4794167856308159.0
laurakoch@example.com,False,BASIC,0.002024356766294139,2020-01-24,2020-01-18,424.84,"3825 Thomas Ridge
North Bradleyview, UT 67677",376725809697301.0
jasontaylor@example.com,True,DELUXE,0.002024356766294139,2024-08-19,2021-09-30,133.83676817148898,"98396 Williams Lights
Port Stacey, ID 29401",213192677020594.0
phillip43@example.org,False,BASIC,0.002024356766294139,2020-03-19,2020-01-21,201.65202680859437,"04200 Johnson Mountain Apt. 759
South Dakota, AK 54246",36724582528801.0
jeffrey92@example.net,True,SUITE,0.002024356766294139,2020-10-26,2020-02-06,183.7737751527687,"31998 Connor Bridge Suite 523
Hendersonshire, ND 57773",675917883380.0
dakotamolina@example.org,True,BASIC,0.002024356766294139,2021-06-05,2020-03-22,162.72213778097554,"869 Peter Glens
Brownburgh, IA 75568",3558891728240898.0
grahamjennifer@example.com,False,DELUXE,0.002024356766294139,2021-02-13,2021-05-27,108.49375614460972,"27260 Carter Creek Suite 302
North Karen, WV 71649",4512980821169.0
ncabrera@example.com,False,BASIC,0.002024356766294139,2025-01-18,2020-04-16,424.84,"0706 Dawn Gateway Suite 485
West Cheryl, TX 45019",4438251213306544.0
estradaheidi@example.com,True,DELUXE,0.002024356766294139,2020-01-13,2021-09-11,248.54745477122745,"413 Christopher Streets Suite 290
South Jose, SC 18361",2255765102362486.0
glambert@example.org,False,SUITE,0.002024356766294139,2020-03-22,2022-04-28,155.95052204679644,"PSC 9950, Box 4169
APO AA 51517",4.2001781572376125e+18
donna63@example.org,False,BASIC,0.002024356766294139,2020-04-15,2020-02-25,149.893408071414,"4895 Woods Ports Suite 093
Dylanfort, ID 05880",3563661749129641.0
erik12@example.net,True,BASIC,0.002024356766294139,2021-02-11,2020-07-05,151.50971009692825,"4828 Martin Summit
West Kimberlyfurt, AR 35598",3527681008604543.0
suttonmichelle@example.net,False,BASIC,0.002024356766294139,2024-10-09,2020-11-27,135.66561113135694,"7619 Parks Ford
Kellyborough, MH 62872",4134622051319.0
evan00@example.com,True,BASIC,0.002024356766294139,2023-10-22,2024-08-06,155.3293056473975,"785 Sonya Mission Suite 848
New Ross, PW 15965",213161194602424.0
justin92@example.com,True,BASIC,0.002024356766294139,2021-05-05,2020-06-09,110.36879232646127,"31049 Melissa Shoal Apt. 290
East Markland, AK 54408",4632585970991905.0
jasmineolsen@example.org,True,DELUXE,0.002024356766294139,2020-04-29,2020-11-25,243.0848561037263,"197 Brittney Canyon Apt. 886
Lake Alejandro, ID 70232",4194098709629614.0
dwalker@example.com,True,BASIC,0.002024356766294139,2020-08-04,2020-09-16,119.801379881682,"924 Shepherd Spur
Justinton, VT 11252",3542645121584081.0
hernandezsheila@example.org,False,BASIC,0.002024356766294139,2020-01-08,2020-05-16,99.5860414993197,"USNV Coleman
FPO AA 06433",180074939007578.0
laurenstanley@example.net,False,BASIC,0.002024356766294139,2020-01-27,2020-04-23,102.26065791503416,"064 Gonzales Passage
Hendersonside, NJ 66664",4498307365538.0
ofisher@example.com,True,BASIC,0.002024356766294139,2020-08-04,2020-06-19,149.69420407161135,"USCGC Holland
FPO AA 18634",4451220037432952.0
earl29@example.org,True,DELUXE,0.002024356766294139,2020-03-26,2020-04-15,115.16364510219643,"8902 Johnson Mills Apt. 052
Andrewshire, GU 24895",582708035743.0
melindaroberson@example.org,False,BASIC,0.002024356766294139,2021-09-16,2024-07-10,109.32752402251566,"60191 Roberta Glen
Lake Evelynmouth, AK 57682",4816398775408.0
youngamber@example.com,False,DELUXE,0.002024356766294139,2022-05-10,2025-01-13,109.68303191110785,"250 Jasmine Land Apt. 735
East Kellyberg, MA 53800",3520153520033152.0
andrea89@example.org,False,BASIC,0.002024356766294139,2025-02-28,2020-08-22,150.7117371227282,"3576 Calhoun Summit
Thompsonburgh, NH 22052",374698930860910.0
trevorgaines@example.org,False,SUITE,0.002024356766294139,2020-09-12,2023-12-10,154.15334489668487,"805 Robert Vista Apt. 718
Jenkinsside, MI 50768",6011175085820938.0
parkermatthew@example.org,False,BASIC,0.002024356766294139,2020-07-08,2020-08-16,140.2497432497878,"26403 Sanchez Squares
South Brian, MP 05838",2234577285572591.0
krista28@example.net,False,BASIC,0.002024356766294139,2021-06-15,2022-06-25,289.6150194646742,"586 William Wells
Brandiville, OR 90566",2296868078046892.0
alexislittle@example.com,False,SUITE,0.002024356766294139,2020-12-19,2024-01-14,126.86846061891484,"66130 Daniel Ville Apt. 741
South Nicole, IL 41024",6532680962250927.0
hterry@example.org,False,BASIC,0.002024356766294139,2020-11-11,2023-05-08,141.48591372213235,"28169 Waters Courts
Port Brittany, HI 82169",4.3381884651795666e+18
davisdawn@example.net,False,DELUXE,0.002024356766294139,2020-01-21,2020-03-11,129.54680485217295,"USNS Hardy
FPO AE 40283",4348810055604560.0
joneskimberly@example.net,False,BASIC,0.002024356766294139,2025-02-13,2020-01-26,424.84,"9972 Garrett Club Suite 467
New Lisa, OR 47213",4515987919540243.0
velezmisty@example.org,False,BASIC,0.002024356766294139,2020-10-20,2020-03-22,168.37843837277498,"199 Daniel Shoals
West Amber, MO 17224",30186644630809.0
priscilla09@example.net,True,BASIC,0.002024356766294139,2024-11-11,2020-01-10,180.88647004328945,"PSC 9801, Box 8862
APO AP 63232",3522034940057815.0
tammyboyd@example.net,False,BASIC,0.002024356766294139,2021-04-08,2020-03-07,118.35533444229728,"334 Marco Pine Suite 121
Lake Pamela, MA 32273",341108589356558.0
dmartinez@example.net,False,BASIC,0.002024356766294139,2021-01-16,2020-05-27,121.35451291672717,"13215 Brianna Expressway Apt. 258
Port David, NY 56900",4.2547549927151007e+18
paulsmith@example.net,False,BASIC,0.002024356766294139,2020-06-09,2023-03-15,120.7422771789138,"7974 Christina Lodge
West Kristy, IA 68924",4.279334171247641e+18
thomas54@example.org,False,SUITE,0.002024356766294139,2021-06-09,2024-12-18,165.2946303575332,"380 Anthony Row
Jesseside, OR 64886",378386544500082.0
barbara81@example.com,False,BASIC,0.002024356766294139,2021-02-16,2021-10-14,129.39684419217852,"187 Pollard Harbor Suite 736
Mcdonaldton, VI 66522",30541430662673.0
dale49@example.net,False,BASIC,0.002024356766294139,2025-02-27,2024-12-25,104.40061731985195,"025 Barbara Heights
South Taylorhaven, VA 03925",4211644529380174.0
qhall@example.net,False,BASIC,0.002024356766294139,2025-02-27,2020-12-14,119.11779004108668,"USCGC Gonzalez
FPO AE 79243",3559879003632508.0
donna45@example.net,True,SUITE,0.002024356766294139,2020-07-03,2020-09-14,160.07929421625013,"37431 Wright Estate
North Lauren, ID 28216",3546775404849152.0
cheryl59@example.org,True,BASIC,0.002024356766294139,2020-10-11,2020-12-04,129.93563537869,"988 Samuel Spurs
New Sandraburgh, FM 33958",5571747189011400.0
crawfordthomas@example.org,False,BASIC,0.002024356766294139,2021-01-06,2020-10-25,149.13702513432867,"PSC 6822, Box 3658
APO AE 73706",3526948085370145.0
jodi45@example.com,False,DELUXE,0.002024356766294139,2021-06-19,2024-02-18,143.81989214734392,"15164 Campbell Expressway
Tatemouth, MO 64577",213101700484370.0
yclayton@example.com,False,BASIC,0.002024356766294139,2025-01-27,2020-12-07,118.7091236446259,"0645 Powell Walk
Victoriatown, IL 27555",4279015026190888.0
williamsmichelle@example.org,True,BASIC,0.002024356766294139,2021-03-15,2020-06-02,189.4899094587938,"264 Ryan Mission Apt. 951
East Alicia, GU 49610",4840211698939716.0
tlivingston@example.com,False,BASIC,0.002024356766294139,2024-04-09,2020-01-16,126.4599014475032,"18616 John Pike Suite 614
North Normastad, OR 16606",213150039232836.0
francocarlos@example.org,False,DELUXE,0.002024356766294139,2021-03-02,2020-12-23,291.0195591720809,"USCGC Bell
FPO AP 10755",4814032695176512.0
shannon04@example.net,True,BASIC,0.002024356766294139,2020-08-15,2024-07-27,169.49754793961858,"44775 Dougherty Trafficway
Andrademouth, MH 98665",6558560006335588.0
cassandra13@example.net,False,BASIC,0.002024356766294139,2020-02-15,2023-11-30,91.01246892325796,"3252 David Wells
Port Sharonmouth, GU 87785",6525763242412209.0
courtneygonzalez@example.org,False,BASIC,0.002024356766294139,2020-10-09,2020-05-18,158.61480930386796,"34276 Wilkerson Shore
Josephfort, VI 58402",30074606245032.0
kathleen54@example.net,True,BASIC,0.002024356766294139,2021-03-06,2020-05-11,399.96584891118937,"27640 Diane Flat
West Monica, WY 11741",501849917874.0
sandrawiggins@example.com,False,BASIC,0.002024356766294139,2024-06-26,2020-01-19,186.3137366990062,"7746 Ward Lane Suite 488
North Elizabeth, MN 24532",213176487432503.0
jamiewilliams@example.com,False,DELUXE,0.002024356766294139,2021-05-25,2020-04-18,95.1829824365322,"1962 Derek Wells Suite 639
Gouldside, PA 29110",4.1335880362056504e+18
mary68@example.org,False,BASIC,0.002024356766294139,2021-01-27,2023-08-26,141.35452021579778,"43688 Ronald Village Suite 405
Shawmouth, GA 52283",3589583662885258.0
robertfarmer@example.org,False,BASIC,0.002024356766294139,2024-12-24,2022-07-02,385.5764685610338,"7840 Colton Junctions Apt. 254
Edwardsside, MN 70221",5189027535847409.0
angelaroberts@example.org,True,BASIC,0.002024356766294139,2020-11-25,2024-12-22,101.55651142894942,"6156 Foley Alley Suite 430
Russoburgh, NJ 06577",4937539053909.0
greenejoshua@example.com,True,BASIC,0.002024356766294139,2023-10-05,2020-01-18,117.02589081368046,"40447 Samantha Harbor Apt. 131
Williamsbury, AS 85119",4617698164511.0
qjohnson@example.org,True,BASIC,0.002024356766294139,2020-01-26,2020-02-05,157.12203320694312,"302 Lara Junctions
Timothyfurt, KS 13237",4922427757191.0
emadden@example.org,False,BASIC,0.002024356766294139,2021-07-12,2020-05-23,139.56484118358856,"141 George Mount
Drakeland, AL 97941",3567378839871182.0
markflores@example.com,True,BASIC,0.002024356766294139,2023-09-02,2020-06-09,308.15343145718225,"USNV Peterson
FPO AA 16522",30262267180156.0
perezbrittany@example.org,False,SUITE,0.002024356766294139,2024-05-29,2020-06-26,141.22879944845886,"4548 Murphy Knolls Suite 946
Greenshire, CO 94044",30176060249259.0
calvin95@example.net,True,BASIC,0.002024356766294139,2021-07-19,2020-01-24,97.6491303623018,"3922 Wilson Throughway
Daveport, AZ 29060",3532877870255702.0
fletchergrace@example.org,False,BASIC,0.002024356766294139,2020-05-29,2020-02-15,272.7090039695861,"630 Perez Club
Brennanbury, GU 77133",30423350924047.0
stephen67@example.com,False,BASIC,0.002024356766294139,2020-01-11,2020-05-14,105.36839360514732,"36662 Spencer Bypass
Brendaberg, NM 71352",501825326009.0
keithcastillo@example.com,False,SUITE,0.002024356766294139,2020-08-31,2020-06-17,170.61236677589437,"70563 Robyn Turnpike
Ronaldport, GU 52040",2225483215078059.0
carlos18@example.net,True,DELUXE,0.002024356766294139,2025-02-20,2022-11-19,87.8885318420098,"511 Heidi Bypass Apt. 281
New Andreabury, MS 33722",3551460245451219.0
anndixon@example.org,False,BASIC,0.002024356766294139,2021-08-05,2020-04-23,125.1210709326065,"3927 Heidi Mill Apt. 666
East Gabriel, PR 29667",370489824957499.0
davidhuerta@example.com,True,SUITE,0.002024356766294139,2020-03-08,2020-09-21,99.28248275911324,"753 Jones Underpass
Amyton, OR 23722",4899955072567549.0
gsimon@example.net,False,BASIC,0.002024356766294139,2021-06-30,2024-10-28,152.3871199162404,"PSC 7281, Box 3215
APO AA 22185",3503003039768486.0
alicia43@example.org,True,BASIC,0.002024356766294139,2020-12-19,2021-06-02,162.70347015607283,"66640 Hogan Burg
West Devon, MP 20060",345415462040126.0
kayla67@example.com,True,BASIC,0.002024356766294139,2020-01-26,2020-07-11,298.33907600594677,"15076 Jamie Hills
West Morganshire, IA 57424",3574346523766639.0
jimenezlisa@example.org,False,BASIC,0.002024356766294139,2021-02-14,2021-02-02,404.9971916257862,"93430 Sanders Light
Kylemouth, OR 41019",36186556307440.0
tanyashort@example.org,False,BASIC,0.002024356766294139,2021-05-16,2020-01-24,371.5277757810458,"975 April Path Suite 762
Stephensport, AK 19180",213123587228472.0
amy13@example.net,True,DELUXE,0.002024356766294139,2021-09-01,2020-09-26,155.22072860025116,"949 Marc Court
South Jennaside, NV 86961",4208720646002415.0
zreid@example.com,False,BASIC,0.002024356766294139,2021-01-14,2023-10-06,210.23255053811505,"698 Jay Ranch
Port Alexaland, AZ 08713",3599233352070344.0
zbryant@example.com,True,SUITE,0.002024356766294139,2025-01-26,2020-01-23,355.68782664536894,"2536 Steven Valleys
South Tiffanyburgh, KS 37176",180068893043686.0
karendiaz@example.net,False,DELUXE,0.002024356766294139,2020-08-02,2024-02-14,151.07370430429916,"472 Warner Way Apt. 428
Leonardbury, AS 79082",503854796060.0
linda15@example.net,False,BASIC,0.002024356766294139,2024-10-12,2021-02-08,105.60504003692255,"69415 Cobb Trail
Henryberg, CT 08709",3538677510023872.0
hinescody@example.org,True,DELUXE,0.002024356766294139,2020-06-01,2020-11-04,105.7133107334344,"91526 Jones Court Suite 617
Carriefurt, DE 64360",4010730384396778.0
kennethscott@example.org,False,BASIC,0.002024356766294139,2021-06-24,2020-10-28,180.82252816966533,"Unit 7175 Box 5357
DPO AE 90162",36735447434027.0
sonia78@example.com,False,BASIC,0.002024356766294139,2021-05-20,2020-03-24,109.69384410636724,"85218 Wheeler Crescent Apt. 022
Port Hectorton, MT 62158",3574702902324640.0
harrissandra@example.org,False,DELUXE,0.002024356766294139,2020-06-08,2020-06-30,157.36254914359867,"18216 Jackson Circles Apt. 908
Crystalberg, VT 38819",4266177347145499.0
reyeskimberly@example.com,False,BASIC,0.002024356766294139,2020-05-11,2020-03-22,302.8624395663144,"461 Brown Forges Suite 995
East Tylerfurt, OH 04549",676306582096.0
qzuniga@example.org,False,BASIC,0.002024356766294139,2024-06-03,2023-06-20,149.7388617579217,"58632 Vargas Courts
West Sarahfort, AZ 86555",347962471509391.0
wtaylor@example.com,True,SUITE,0.002024356766294139,2020-09-25,2020-01-24,130.3701960780961,"6866 Jonathan Road Suite 928
West Scott, VI 10254",6011171455189103.0
imorales@example.net,True,BASIC,0.002024356766294139,2025-02-02,2021-02-03,158.9773080287768,"6815 Michelle Forest Suite 372
East Lindseyberg, MP 82370",588488361712.0
adamjohnson@example.com,False,BASIC,0.002024356766294139,2020-06-03,2020-01-18,149.87719390261464,"USS Conner
FPO AP 11447",3546523226121032.0
thomas85@example.net,True,BASIC,0.002024356766294139,2021-06-21,2020-01-09,120.34787587464415,"6366 Christina Spurs Suite 242
Port Adrienne, IL 57496",4055520174609779.0
amyschneider@example.net,False,DELUXE,0.002024356766294139,2020-09-11,2020-03-12,122.54077660121862,"8467 Eric Wells Suite 066
South Joshuamouth, OH 62743",3518524935052660.0
jmcgrath@example.net,False,DELUXE,0.002024356766294139,2021-08-20,2020-06-10,147.55039304971177,"USCGC Conway
FPO AA 25701",341147746694683.0
chambersbryan@example.net,False,BASIC,0.002024356766294139,2020-06-29,2021-07-12,141.3256959803087,"17330 Gregory Forges
Port Brianshire, PA 22101",3519121400504330.0
gabrielle41@example.org,True,DELUXE,0.002024356766294139,2024-09-25,2024-02-28,101.7341767861458,"92586 Mendez Lakes Apt. 975
North Robert, MP 22311",6011249221976720.0
morenotaylor@example.com,False,BASIC,0.002024356766294139,2021-12-29,2020-04-06,330.69926834352407,"5128 Heath View Apt. 238
Clarkborough, VT 24588",3581841341027397.0
annasmall@example.org,True,BASIC,0.002024356766294139,2020-07-05,2020-05-25,162.8798858920046,"2372 Elizabeth Orchard Apt. 878
North Bruce, NV 95533",675935485598.0
ddaniels@example.net,True,BASIC,0.002024356766294139,2021-09-28,2020-01-16,186.07665558108147,"86922 Smith Ville Suite 848
Michaelborough, NH 93852",375682307227654.0
longrichard@example.net,False,BASIC,0.002024356766294139,2020-10-26,2020-01-12,192.1591331333416,"626 William Pines Suite 668
Villarrealport, MT 83442",30221159128343.0
kristaedwards@example.com,False,BASIC,0.002024356766294139,2021-06-17,2020-01-21,115.5952993178222,"980 Wiggins Mountain
Nicolemouth, AL 21629",586591383508.0
tmorgan@example.net,False,BASIC,0.002024356766294139,2021-05-01,2020-01-16,172.81676466949352,"18624 Joseph Highway
Lisaborough, IL 03548",2281229411963763.0
trevorcross@example.org,False,BASIC,0.002024356766294139,2020-07-12,2020-04-25,122.12099443531243,"6046 Huffman Isle Suite 432
Conwayfort, ID 19428",4.882801676254928e+18
matthewsemily@example.net,True,BASIC,0.002024356766294139,2021-05-02,2020-10-22,108.66029380406964,"42125 Evans Crossroad
Jerryburgh, UT 46902",501845561320.0
christian58@example.net,True,BASIC,0.002024356766294139,2025-01-08,2020-01-23,116.46532305828615,"065 Brown Village Apt. 220
South Tamara, DC 12906",3593097805569376.0
anthony92@example.com,True,BASIC,0.002024356766294139,2024-12-19,2020-05-06,145.50179564818131,"6862 Howard Circles Suite 692
Port Robertmouth, DC 26672",378845585964267.0
gary82@example.net,False,BASIC,0.002024356766294139,2020-04-29,2020-07-07,123.3332984672027,"Unit 8090 Box 6331
DPO AP 46336",3557071668301221.0
crystaledwards@example.net,False,DELUXE,0.002024356766294139,2024-03-10,2024-11-10,134.63703563794297,"06074 Odom Ramp Suite 477
North Phillipburgh, AS 40525",2720661898247451.0
xpace@example.com,False,BASIC,0.002024356766294139,2021-07-11,2022-06-29,113.61673918951657,"104 Cunningham Lakes
New Antonio, ND 71489",348898963480809.0
elizabethpeterson@example.org,False,BASIC,0.002024356766294139,2020-02-03,2023-11-05,139.0750850367877,"7024 Walls Pike
Mooreport, NC 47077",6505656765198680.0
michaelschneider@example.org,True,BASIC,0.002024356766294139,2023-12-20,2022-02-06,138.30145893850198,"PSC 2046, Box 8115
APO AP 47586",60485438901.0
castrolisa@example.org,False,BASIC,0.002024356766294139,2021-03-05,2020-04-16,120.68319797327348,"837 Sandra Extension Suite 383
Deckerbury, SD 75734",4.1570382839794796e+18
simspatrick@example.com,True,DELUXE,0.002024356766294139,2020-08-05,2020-05-28,114.2159991503573,"7136 Arroyo Crossroad
Rachelfurt, OK 96682",4.2404754287121546e+18
kristina95@example.org,True,DELUXE,0.002024356766294139,2020-01-15,2020-05-07,241.21396793933295,"902 Morrison Views
Lake Mitchellshire, SC 42499",501844771185.0
jefferypeterson@example.org,False,BASIC,0.002024356766294139,2025-01-12,2020-06-18,250.3634891005066,"28667 Davis Neck
Davidstad, VT 60321",4810982253070602.0
corey17@example.net,False,SUITE,0.002024356766294139,2021-02-18,2020-10-02,233.05206271866103,"9564 Jones Islands
Lake Williamborough, NJ 57629",4.5245714826559836e+18
christinemartinez@example.com,False,BASIC,0.002024356766294139,2020-05-16,2020-01-19,215.6106958096854,"772 Samantha Landing Suite 978
North David, NM 94091",30157761229758.0
angelawood@example.com,True,BASIC,0.002024356766294139,2020-01-17,2020-01-22,110.38521628992753,"945 Stephanie Hollow
New Alyssa, HI 89464",4297282770078481.0
angelarogers@example.org,True,DELUXE,0.002024356766294139,2020-05-14,2021-01-30,156.06279608417577,"853 Thomas Mall
South Danielville, UT 23201",4207254869404.0
blake90@example.org,True,BASIC,0.002024356766294139,2020-12-08,2020-03-30,157.9186458691827,"381 Melton Rue
Lake Gregory, ME 47353",676171472928.0
aaron45@example.org,False,SUITE,0.002024356766294139,2020-01-06,2020-03-14,145.74013785372964,"85740 Johnson Avenue Apt. 564
West Raymondmouth, HI 64046",4861942430753.0
wyoung@example.com,True,BASIC,0.002024356766294139,2020-07-30,2020-03-13,118.85850480968303,"2959 Carter Well
Robertoport, CT 11711",343209587124010.0
reneemoore@example.com,True,BASIC,0.002024356766294139,2021-02-11,2024-10-15,155.42173746166128,"80224 Mcgee River
Joseborough, NJ 87451",3567611013771350.0
aruiz@example.net,True,BASIC,0.002024356766294139,2021-02-06,2020-06-06,112.8539643539417,"8419 Robert River Apt. 597
Brettview, ID 29217",3592282798597425.0
eric19@example.net,False,BASIC,0.002024356766294139,2020-10-10,2024-01-27,369.2362377970124,"PSC 5007, Box 3750
APO AA 05273",372077638522258.0
mackenziedunn@example.org,False,BASIC,0.002024356766294139,2020-03-23,2020-12-24,118.68071209185364,"16952 Rose Tunnel
Saraside, AZ 17405",213171556710681.0
james49@example.org,True,BASIC,0.002024356766294139,2024-08-04,2020-07-19,301.56041033772874,"729 Sabrina Heights
New Sarah, HI 40784",2704514291008378.0
wpope@example.net,True,BASIC,0.002024356766294139,2020-02-01,2020-01-10,111.92630841942353,"5699 Jared Locks
Douglastown, MT 76426",2283887106992732.0
christophersimmons@example.net,True,BASIC,0.002024356766294139,2020-12-25,2020-08-19,245.92886458580645,"4062 Mason Lock
East Mathewburgh, IL 99033",4265050183267100.0
rodriguezpatricia@example.com,False,SUITE,0.002024356766294139,2024-08-20,2020-05-04,142.18800075221213,"4838 Ross Spur Suite 847
Lake Taylorfurt, PR 43412",2707474226541273.0
michaeldaniel@example.org,False,DELUXE,0.002024356766294139,2020-06-11,2021-08-02,131.02135630217947,"7867 Theresa Underpass
East Robert, NH 09694",30010690164374.0
craig56@example.com,False,DELUXE,0.002024356766294139,2020-12-20,2023-05-29,105.79346437166052,"676 Small Wall Apt. 745
Mccallbury, MI 86656",30303088553633.0
christopherwalker@example.org,True,BASIC,0.002024356766294139,2020-05-11,2020-09-27,418.2302529615817,"Unit 0692 Box 0218
DPO AP 57390",4766659120242.0
michaeljackson@example.org,True,BASIC,0.002024356766294139,2024-07-24,2020-01-20,117.17518585809964,"70562 Roberto Alley Apt. 744
Jennifermouth, NY 60587",3511957536094045.0
mschneider@example.com,False,BASIC,0.002024356766294139,2020-12-14,2020-05-14,150.92767307266945,"86807 Williams Grove Suite 883
Lake Melissaland, IN 53189",676375437354.0
whitekathleen@example.net,False,DELUXE,0.002024356766294139,2024-12-30,2020-11-22,104.4682247892079,"USCGC Bond
FPO AP 19209",377720889492854.0
ryan55@example.org,True,BASIC,0.002024356766294139,2020-02-18,2020-02-17,153.48222308217044,"5186 Edward Wells Suite 583
Port Robert, DE 05085",36028674972657.0
ksanchez@example.net,True,SUITE,0.002024356766294139,2020-05-05,2024-04-04,133.11469827433737,"39144 Michael Mission Suite 052
Leahbury, NJ 85288",30018545726198.0
wanda63@example.com,False,DELUXE,0.002024356766294139,2020-05-11,2021-03-23,150.48968705060906,"2546 Durham Haven
Bradleyport, DC 35222",6011583737832567.0
chasevelez@example.com,False,SUITE,0.002024356766294139,2020-05-13,2024-08-29,424.84,"93683 Barrett Mission
Shawmouth, KS 59321",2256883158720678.0
nancybrooks@example.net,False,DELUXE,0.002024356766294139,2020-12-10,2020-04-23,148.7066903739115,"9394 Christopher Route
Alexborough, NV 56674",3573036732922286.0
michaeljenkins@example.net,False,BASIC,0.002024356766294139,2020-05-15,2024-03-10,100.19417627491346,"403 Moore Island
Dorseyhaven, WI 31034",374158696018963.0
william81@example.net,False,DELUXE,0.002024356766294139,2020-05-15,2024-05-04,424.84,"246 Wallace Gardens Suite 681
Lake Jacqueline, ID 70507",60454516190.0
wkennedy@example.net,False,DELUXE,0.002024356766294139,2020-06-11,2023-02-27,116.13731590096079,"03011 Williams Centers Suite 994
Port Victoria, KY 65630",4128659361988035.0
bscott@example.net,False,BASIC,0.002024356766294139,2025-02-26,2024-07-16,352.56465796236364,"59112 Brian Pass
Bennettshire, NY 74541",3509013079352467.0
jenniferharris@example.net,False,BASIC,0.002024356766294139,2020-10-20,2020-05-27,112.04101898743077,"3226 Vanessa Knoll Suite 686
Port Aprilshire, FL 81679",180078072661844.0
cynthiarodriguez@example.com,False,DELUXE,0.002024356766294139,2025-02-19,2020-04-20,371.27155494482565,"PSC 2162, Box 6157
APO AA 80677",345199922772045.0
garciafrances@example.net,True,BASIC,0.002024356766294139,2022-12-05,2020-04-21,143.48885533685439,"38114 Cross Ridge
Port Dorothyfort, MA 94697",2251591290832450.0
hessmargaret@example.net,True,BASIC,0.002024356766294139,2024-10-03,2020-08-15,158.99595227392354,"22411 Michael Tunnel
Lake Sarahhaven, FM 55476",676234406624.0
fjones@example.com,False,BASIC,0.002024356766294139,2020-01-15,2022-05-31,326.4573046077354,"53860 Barrera Corners
South Karenshire, RI 93521",373178221626438.0
welchfrancisco@example.com,False,BASIC,0.002024356766294139,2020-06-26,2021-04-25,424.84,"84753 Griffith Island
Perezland, VT 29322",4977240892972608.0
janetjohnson@example.net,True,BASIC,0.002024356766294139,2020-02-25,2020-04-20,103.18453886346715,"0859 Nicole Route
Lake Johnton, TN 26783",2231718290772973.0
lisa69@example.org,False,BASIC,0.002024356766294139,2021-03-31,2023-06-05,143.27821979868054,"Unit 7274 Box 7076
DPO AA 57485",379890457745419.0
bbrown@example.com,False,BASIC,0.002024356766294139,2020-07-07,2020-05-19,110.26443778541115,"959 Miller Road Suite 698
Thomaston, TX 43552",2272212891679498.0
daniel78@example.org,True,SUITE,0.002024356766294139,2021-07-16,2020-01-14,266.22990636069477,"9007 Tommy Center Apt. 336
Sanchezmouth, AK 72663",503810976905.0
nicole25@example.net,False,SUITE,0.002024356766294139,2024-06-21,2020-01-31,126.18288011502293,"2822 Rivas Corner Suite 085
North Raymondfurt, MN 04627",180008234896004.0
anthony99@example.org,True,DELUXE,0.002024356766294139,2020-05-31,2020-09-05,130.54357985360403,"PSC 2304, Box 1333
APO AE 33762",4389216939684713.0
michele23@example.net,False,BASIC,0.002024356766294139,2021-12-26,2020-01-12,130.44255781168886,"Unit 0443 Box 9088
DPO AA 02467",676389193001.0
jasonlee@example.net,False,BASIC,0.002024356766294139,2025-01-25,2020-03-28,380.3624033652534,"963 Michelle Cliff Suite 891
East Cameron, NE 92478",30305835535730.0
rogersjames@example.net,True,BASIC,0.002024356766294139,2020-12-12,2020-07-02,243.93183951558476,"237 Harris River Apt. 695
Ricefurt, IL 20365",6516151283297153.0
jimmywilliams@example.org,False,BASIC,0.002024356766294139,2020-05-18,2024-12-09,142.63065484491227,"2247 Alexander Camp Apt. 688
Robertburgh, FL 36286",4178428217134460.0
aaronnelson@example.net,False,BASIC,0.002024356766294139,2020-10-21,2020-07-05,141.99027831309579,"617 Paul Unions Suite 437
New David, MD 89979",4198247290480079.0
xwilliams@example.org,False,BASIC,0.002024356766294139,2021-01-10,2024-07-18,103.86115411769973,"9897 Peterson Mills
Vangborough, MA 87687",4196195305800082.0
wrightphillip@example.org,False,BASIC,0.002024356766294139,2020-11-09,2020-02-26,144.32233364808366,"428 Hall Landing
Port Monicaborough, ND 02940",3571447189218262.0
morristerry@example.org,False,BASIC,0.002024356766294139,2024-12-01,2020-10-02,181.68922749539252,"54423 Elizabeth Estate Suite 533
Wangport, IN 73750",4543113304589531.0
djones@example.com,True,DELUXE,0.002024356766294139,2020-02-19,2020-06-01,424.84,"772 Johnson Islands
Hollyfort, CT 16675",3556294927833708.0
lori96@example.org,True,BASIC,0.002024356766294139,2021-03-12,2020-01-14,100.82482736242618,"86317 Guerrero Loaf Suite 574
West David, IL 31700",2225998095188918.0
tonyanoble@example.net,False,DELUXE,0.002024356766294139,2020-01-16,2024-08-02,145.9189244076007,"729 Gonzalez Grove Apt. 878
Martinfurt, CT 75747",6011643189668628.0
herringbeverly@example.org,False,DELUXE,0.002024356766294139,2021-07-18,2020-03-10,262.51781003526935,"010 Paula Union
Port Daleside, MD 24742",4321301656439110.0
courtney78@example.org,False,BASIC,0.002024356766294139,2020-02-24,2020-07-16,173.99061021771809,"8519 Allison Light Suite 867
Marshville, NJ 28342",30404231939099.0
paulgaines@example.net,False,BASIC,0.002024356766294139,2020-05-30,2020-02-23,236.31765538306428,"913 Schroeder Parks
West Carlos, OH 59103",3556767305051605.0
paulrichardson@example.com,False,BASIC,0.002024356766294139,2021-06-12,2024-06-03,141.30999073521477,"Unit 3521 Box 6895
DPO AA 44590",6011388126746406.0
dtaylor@example.org,False,BASIC,0.002024356766294139,2021-09-10,2024-01-16,120.79849897499977,"171 Garrison Land
New Gregoryport, NV 04188",6595909064045057.0
csanchez@example.org,False,DELUXE,0.002024356766294139,2023-11-16,2021-01-20,157.7389665126596,"4421 Jesse Rue Suite 156
Allisontown, TX 82934",213120492285373.0
hawkinschristine@example.net,True,SUITE,0.002024356766294139,2025-01-30,2022-11-16,126.14390762541916,"1741 Brown Forge Apt. 015
Chasehaven, KS 78204",3575765110480529.0
robert89@example.com,True,DELUXE,0.002024356766294139,2020-04-06,2020-03-23,110.48313789520589,"613 Angela Drive
North Anna, ID 53187",4648229428711.0
cody43@example.com,False,BASIC,0.002024356766294139,2021-03-29,2023-12-23,154.23797511797545,"45680 Thomas Station
Jessicaside, ND 05746",4139293662348272.0
alejandraward@example.com,False,BASIC,0.002024356766294139,2020-10-01,2020-05-08,115.01415710300866,"196 Jackson Curve
East Joshuafurt, NY 61348",213129005208806.0
petercarter@example.com,False,DELUXE,0.002024356766294139,2020-12-18,2024-05-13,120.32083576384699,"10419 Conley Meadows
Palmershire, WV 58948",180094247025351.0
spencertimothy@example.com,False,BASIC,0.002024356766294139,2020-10-10,2020-07-06,110.80775636556373,"324 Richard Green Apt. 300
East Tinatown, PA 53383",30448089499763.0
bennettkristen@example.net,False,BASIC,0.002024356766294139,2024-12-19,2020-06-15,255.91439426424705,"4228 Kimberly Forks Suite 433
Daltonchester, WV 32112",3570890747252482.0
shariwatson@example.org,False,DELUXE,0.002024356766294139,2020-08-24,2020-05-05,223.384621007128,"63134 Bryan Roads Apt. 747
Valerieview, VA 73658",4640959354199833.0
brittanybaxter@example.net,False,DELUXE,0.002024356766294139,2021-07-03,2020-08-25,129.1506568237853,"82650 Gregory Green
Florestown, VA 96805",3553147087990820.0
berrydiana@example.org,True,BASIC,0.002024356766294139,2021-05-15,2020-04-24,145.38761432727614,"087 Dunn Union
East Susan, AL 39239",4433886788752419.0
kara67@example.net,False,BASIC,0.002024356766294139,2020-08-25,2020-10-20,308.2937435119873,"313 Rebecca Pike Suite 072
Lake Marcton, SD 22656",30137905353367.0
etorres@example.com,True,DELUXE,0.002024356766294139,2021-01-19,2020-01-13,124.23765017151774,"234 Amy Trail
Robertfurt, DC 31562",213148609835095.0
edavis@example.org,False,BASIC,0.002024356766294139,2020-01-18,2020-12-08,234.1800477913528,"478 Paul Cape Suite 018
North James, HI 50654",180008508810343.0
keith76@example.net,False,BASIC,0.002024356766294139,2020-01-26,2020-01-20,237.51142332906053,"44259 Todd Forest
Laurenbury, GA 40017",3545308938445189.0
jflores@example.org,True,DELUXE,0.002024356766294139,2020-07-23,2020-03-19,113.40788695967008,"78328 Gonzales Summit Apt. 296
New Tylerfort, AZ 05676",213181237584033.0
shawnfleming@example.net,False,BASIC,0.002024356766294139,2020-09-12,2020-03-02,106.28909933856939,"Unit 6865 Box 6731
DPO AA 01780",4054335743888866.0
edwardhill@example.com,True,DELUXE,0.002024356766294139,2024-01-30,2023-09-01,351.67296167211305,"714 Joseph Tunnel Suite 763
Sellersside, CT 45187",4940074128896.0
hutchinsonjohn@example.com,True,BASIC,0.002024356766294139,2020-04-19,2020-08-08,114.17671675169386,"5499 Stewart Harbors Apt. 225
Barnettchester, OK 17564",3595097184307438.0
shawn23@example.org,True,SUITE,0.002024356766294139,2020-03-28,2020-01-17,96.79329536284756,"58836 Jesus Ridges
Ericamouth, PA 24993",3549780974393240.0
brent13@example.net,True,SUITE,0.002024356766294139,2020-09-03,2020-06-05,130.4288504527418,"247 Dunlap Courts Suite 952
Rogersville, VI 92579",6011589392014029.0
hcarter@example.org,True,BASIC,0.002024356766294139,2022-07-02,2020-05-22,271.97112486968706,"5478 Roy Parkway
South Danielchester, NY 69571",377499616978697.0
uhamilton@example.org,False,SUITE,0.002024356766294139,2020-02-05,2024-01-17,126.02077858965328,"78292 Klein Village
Joseland, GU 47582",4.990551639711436e+18
lacey65@example.net,False,DELUXE,0.002024356766294139,2021-03-06,2023-05-23,424.84,"325 King View Suite 824
East Scott, UT 12280",30422090087370.0
douglas98@example.net,False,DELUXE,0.002024356766294139,2020-10-22,2020-01-11,154.60193590810542,"677 Andersen Bypass Apt. 160
North Michelle, OR 95526",6556917209680644.0
whansen@example.com,False,DELUXE,0.002024356766294139,2020-03-22,2022-10-06,127.3748046666205,"28461 Jerry Dam
West Natalie, AK 96065",30457015453273.0
anita31@example.net,False,BASIC,0.002024356766294139,2020-06-08,2020-08-18,281.01061723956605,"PSC 7784, Box 3731
APO AA 52782",3502424030325624.0
johnmoore@example.net,True,SUITE,0.002024356766294139,2020-06-13,2025-01-13,130.9386770142774,"2141 Martinez Valley
East Bailey, LA 38478",3550660068779833.0
brooksnancy@example.net,False,BASIC,0.002024356766294139,2020-12-11,2020-07-28,140.0986585364039,"02388 Bauer Loop Suite 768
West Bridget, MH 50958",3547042045588528.0
rodriguezcolleen@example.com,True,DELUXE,0.002024356766294139,2024-11-22,2020-08-25,163.52988451642665,"USS Ford
FPO AE 29396",3512038548983373.0
gphillips@example.net,True,BASIC,0.002024356766294139,2021-08-29,2020-01-15,191.2886651938924,"589 Christopher Rue
Shawnberg, GA 08144",4.0154043402964593e+18
smithbrian@example.com,True,BASIC,0.002024356766294139,2020-02-25,2020-09-04,282.6767191403625,"52742 David Run Suite 716
Port Jamestown, WV 66278",4.090927869033517e+18
simmonsjessica@example.org,False,BASIC,0.002024356766294139,2021-06-05,2020-04-04,113.4047920868801,"556 Nicole Drive
Mcgrathfurt, FL 40044",180041318342876.0
ruizdon@example.com,False,DELUXE,0.002024356766294139,2020-08-14,2020-09-13,194.68736114750985,"9333 Garrett Villages Apt. 788
Hallburgh, TN 04129",30015442792521.0
joseph16@example.net,False,BASIC,0.002024356766294139,2020-06-06,2020-06-13,141.91514176347698,"92910 White Glen Apt. 080
South Lori, NJ 43026",4858725792097294.0
melissaguerra@example.net,True,BASIC,0.002024356766294139,2020-01-24,2020-08-20,326.873502304612,"42842 Elizabeth Branch Suite 980
Andersenbury, AR 38003",502042123161.0
munoznicholas@example.com,False,BASIC,0.002024356766294139,2021-07-06,2020-06-30,161.3387886533706,"437 Emily Mill
New Stephanie, HI 49427",213105156803561.0
nathanmiller@example.net,True,SUITE,0.002024356766294139,2024-11-07,2020-07-22,148.99962533883837,"9027 Stevenson Circle Suite 391
North Wesleytown, GU 53177",180002956127847.0
lauren46@example.org,False,BASIC,0.002024356766294139,2020-02-07,2020-01-10,97.91967379541852,"PSC 6232, Box 7346
APO AA 69251",180059450253982.0
jacob17@example.com,False,SUITE,0.002024356766294139,2020-07-22,2025-01-25,126.98248544181259,"5614 Anna River Apt. 668
New Jessicaville, CA 41298",4284342759799393.0
kellybartlett@example.org,True,BASIC,0.002024356766294139,2020-08-02,2020-10-12,140.9408493625022,"40697 Green Shoal Apt. 998
Greenfort, NE 62118",4.05571442925794e+18
jose68@example.org,True,DELUXE,0.002024356766294139,2020-12-11,2020-05-06,153.70167931027706,"96529 Anna Oval
North Kyle, ME 78483",4050690163961369.0
crystalgonzalez@example.com,False,BASIC,0.002024356766294139,2020-02-21,2020-08-25,180.1826208739056,"1186 Murphy Lodge Suite 581
New Denisestad, OH 61053",4913444539159.0
fhall@example.net,True,BASIC,0.002024356766294139,2020-03-01,2023-11-27,112.51317391284233,"2251 Stewart Square Suite 180
Lake Dianamouth, NE 72350",3554364732168335.0
brandon29@example.com,True,BASIC,0.002024356766294139,2021-04-18,2024-09-28,124.01415303013896,"994 Christopher Shores
Clarkport, LA 28319",3565838929434912.0
cynthiameyer@example.com,True,BASIC,0.002024356766294139,2020-12-27,2020-09-20,106.09873102063617,"Unit 7747 Box 6122
DPO AE 36034",3566140350310664.0
cmendez@example.net,True,BASIC,0.002024356766294139,2021-02-08,2020-02-19,169.2056162644748,"85664 Little Springs
North George, GA 80846",4177514257296.0
shannonchristopher@example.net,False,BASIC,0.002024356766294139,2024-11-12,2020-04-28,107.23278369581843,"2698 Thomas Islands Suite 461
New Amytown, NV 46226",3557830722803468.0
pschmidt@example.net,True,BASIC,0.002024356766294139,2023-10-18,2020-10-31,146.340293518789,"USCGC Jones
FPO AP 35012",3561268381272408.0
ijones@example.org,False,BASIC,0.002024356766294139,2024-10-29,2020-07-20,115.05815823652688,"5469 Wright Village Apt. 267
South Jeremiahborough, IA 55168",30214568061783.0
tkelly@example.org,False,SUITE,0.002024356766294139,2022-10-07,2020-05-05,129.58891240552404,"5470 Morris Run Apt. 948
Benderhaven, SD 41753",30210761234680.0
debbie76@example.com,True,BASIC,0.002024356766294139,2020-07-14,2020-02-27,98.01716120875022,"249 Marcia Mountains Suite 946
Andrewburgh, NY 81893",639077885445.0
humphreytrevor@example.com,False,BASIC,0.002024356766294139,2020-02-07,2023-06-07,262.2021252265779,"186 Smith Squares
Lake Deannastad, OK 70864",6504009978164035.0
fprice@example.com,True,DELUXE,0.002024356766294139,2024-06-16,2020-11-21,139.06978980276602,"676 Vasquez Underpass
West Steven, FM 34889",4140687232008695.0
lisa58@example.net,True,BASIC,0.002024356766294139,2020-02-08,2020-02-26,133.70140701962993,"71222 Choi Unions
Floreschester, SC 82098",3575390232433999.0
zmendoza@example.org,False,BASIC,0.002024356766294139,2024-05-27,2025-02-26,142.07276210457175,"070 Michele Ford Apt. 346
North Jay, AK 67931",4.933016293266884e+18
ovasquez@example.net,False,SUITE,0.002024356766294139,2021-12-06,2020-01-19,101.89152010597776,"391 Becky River Suite 447
Shawfurt, IN 45868",4009455150794.0
emosley@example.com,False,DELUXE,0.002024356766294139,2022-05-13,2020-06-11,330.8236368965937,"86138 Benjamin Well Apt. 118
Jacobfurt, UT 02704",374981611033613.0
markdennis@example.net,True,SUITE,0.002024356766294139,2021-05-07,2023-05-08,219.9221660778695,"030 Paula Wells
Lake Darrenland, AL 77768",213106910957933.0
jamessmall@example.com,False,BASIC,0.002024356766294139,2021-07-17,2020-01-11,106.79975694725702,"056 Michael Islands
East Ross, VA 06655",4379577769148851.0
rebecca28@example.com,True,SUITE,0.002024356766294139,2020-07-04,2020-11-10,140.14577907771417,"5031 Peter Ranch Apt. 510
Mitchellville, IA 16508",6011506199499245.0
orichmond@example.org,False,DELUXE,0.002024356766294139,2020-12-20,2021-01-28,96.08623082213792,"USCGC Roberts
FPO AP 53573",4845763318312.0
bobby86@example.com,False,BASIC,0.002024356766294139,2023-12-26,2020-04-16,253.6355572570502,"4937 Stevenson Circle Suite 462
Port Sarastad, GU 88954",376390461607427.0
jessica40@example.com,True,BASIC,0.002024356766294139,2021-03-31,2020-03-30,349.51433106929665,"03832 Thompson Mountains Apt. 115
Calvintown, LA 66315",6011902164144397.0
katherine65@example.net,True,BASIC,0.002024356766294139,2023-01-29,2020-07-30,289.708925616512,"01204 King Flats
Jeffreyfort, TX 47899",2238916543285370.0
armstrongangela@example.org,True,BASIC,0.002024356766294139,2022-01-02,2020-04-26,132.2203677394774,"3003 Christina Lodge Apt. 864
Hamiltonburgh, MH 87050",4865025528537353.0
kevin12@example.net,False,BASIC,0.002024356766294139,2020-11-10,2020-03-25,106.68391016095714,"228 Timothy Haven Apt. 133
East Josephfort, MP 54203",30014751582672.0
timothysimmons@example.net,True,DELUXE,0.002024356766294139,2020-02-10,2024-07-07,120.8519906214197,"483 Denise Cliffs
East William, OK 73532",30306357102602.0
jonesdean@example.com,False,BASIC,0.002024356766294139,2024-10-15,2020-03-02,132.1990452110623,"9303 Rodriguez Estate Suite 972
Donaldport, LA 52896",4166720003870263.0
paulknox@example.net,True,DELUXE,0.002024356766294139,2020-05-02,2023-07-18,160.3946842666719,"63093 Timothy Park Apt. 768
Johnsonbury, MH 48247",6011750513069769.0
xbentley@example.com,True,SUITE,0.002024356766294139,2020-05-16,2020-05-19,145.32561718435562,"8551 Shaw Estates
New Michael, WV 26714",676106770206.0
srasmussen@example.com,True,DELUXE,0.002024356766294139,2020-01-07,2020-02-05,116.60742416873798,"3351 Hernandez Street
Jeffreyville, OR 23636",4.1514514412674985e+18
reedsteven@example.net,False,BASIC,0.002024356766294139,2025-02-02,2023-03-28,154.10410267251194,"666 Turner Alley Suite 541
West Raymond, VT 39167",2239380352005057.0
thomasmcintosh@example.com,False,BASIC,0.002024356766294139,2025-01-22,2020-07-18,167.27481734727047,"30830 Stephen Lights
West Brenda, WY 41105",38367657017355.0
leondaniel@example.org,False,BASIC,0.002024356766294139,2020-01-12,2020-04-10,112.84114531851326,"73756 Lawrence Knoll Apt. 575
East Taylor, KY 59637",4912330945611986.0
nmccullough@example.net,False,DELUXE,0.002024356766294139,2020-07-14,2021-05-08,208.8184001258844,"598 Steven Manor Suite 512
Jessicamouth, OH 17558",4380432587832.0
justin78@example.com,False,SUITE,0.002024356766294139,2020-07-03,2022-11-01,112.96915427645422,"3076 Katelyn Shore
New Victoriaburgh, VT 24046",340536630080127.0
anthony55@example.net,False,BASIC,0.002024356766294139,2020-05-15,2020-05-21,163.1034495868688,"53348 Coffey Inlet Apt. 770
South Lisa, WV 92479",4.699843278046908e+18
andrewquinn@example.org,False,DELUXE,0.002024356766294139,2021-08-30,2021-02-26,112.18907218263644,"297 Soto Junctions Suite 581
South Johnview, NV 70564",2714706837491260.0
jose15@example.net,False,BASIC,0.002024356766294139,2021-05-01,2020-06-04,413.765009879127,"743 Jonathon Pass Apt. 044
Leehaven, NV 37632",2297964210053661.0
tylermoore@example.com,False,BASIC,0.002024356766294139,2020-11-06,2020-06-14,143.68574577267776,"5932 Joshua Ranch Apt. 274
Michaelville, IL 92510",4134523660499.0
gbrown@example.net,False,BASIC,0.002024356766294139,2021-03-18,2020-01-16,131.67773285145415,"4697 Stephen Lakes
New Sylviafurt, KY 18616",4089651301759516.0
simmonslogan@example.com,False,BASIC,0.002024356766294139,2021-02-17,2020-03-26,127.0139451153997,"577 Tina Motorway
Port Andrewberg, ND 06723",180098910106588.0
zrodriguez@example.net,False,BASIC,0.002024356766294139,2020-10-18,2020-05-08,99.87572160494256,"262 Watson Forges
West Jill, MI 90833",3596749993206677.0
taylorantonio@example.net,True,BASIC,0.002024356766294139,2021-06-27,2021-12-07,100.73001611316866,"44480 Brooks Garden Suite 143
Jonesbury, NM 92395",4.254593405259804e+18
james20@example.com,False,DELUXE,0.002024356766294139,2025-02-27,2020-02-17,123.40449814570901,"4142 Meghan Fort
Garciamouth, MS 95607",3543372625207759.0
knorman@example.net,False,BASIC,0.002024356766294139,2020-11-28,2020-06-01,324.5575645686455,"2088 Wilkins Valley Suite 944
Smithborough, MI 74892",676380630902.0
tracimedina@example.com,True,BASIC,0.002024356766294139,2020-07-29,2020-01-26,99.58933377689615,"PSC 4893, Box 1701
APO AA 94496",371647470890954.0
dale23@example.com,False,BASIC,0.002024356766294139,2021-06-25,2020-03-18,154.10137528269988,"67664 Barbara Underpass
Jasonfort, AL 10774",4408978472357059.0
jimmymartinez@example.com,False,SUITE,0.002024356766294139,2020-07-07,2020-04-13,165.88432116958938,"584 Smith Viaduct Apt. 969
Sosaberg, MS 64521",4.473424472640741e+18
moorerobert@example.net,True,BASIC,0.002024356766294139,2020-04-29,2024-03-28,121.8938428811912,"2355 Brittany Springs
Pittsborough, AR 12038",4.697016842411345e+18
zgriffith@example.com,False,BASIC,0.002024356766294139,2020-07-02,2024-12-19,146.17891914087105,"140 Mccarthy Ports
Melanieport, OK 88855",4083371543692773.0
trevortrujillo@example.com,False,SUITE,0.002024356766294139,2024-12-16,2020-07-13,240.79358440871877,"773 Christopher Squares
Grahamville, WY 02019",3522753657545957.0
sabrina37@example.net,False,SUITE,0.002024356766294139,2020-08-18,2020-01-11,108.5250750597603,"40155 Jordan Overpass
Rebeccaberg, MH 47657",4680966063237839.0
sbush@example.org,False,BASIC,0.002024356766294139,2020-08-07,2023-08-28,338.07609044385333,"8868 Jonathan Well Suite 897
Lake Lauraview, AS 80721",3547171197538484.0
jeremiah77@example.com,True,BASIC,0.002024356766294139,2023-01-05,2020-02-05,120.94806677300238,"4905 Bryan Fork Apt. 081
Samanthashire, VT 66476",30417179143144.0
kathryn60@example.net,False,BASIC,0.002024356766294139,2023-07-31,2020-08-31,417.7609523170796,"68224 Riggs Place
Lake Sherry, LA 01286",6011185113869757.0
jeremiah32@example.com,False,BASIC,0.002024356766294139,2020-05-15,2023-01-12,145.46012592254314,"Unit 8692 Box 8813
DPO AP 96550",3590567059760692.0
millersarah@example.org,False,BASIC,0.002024356766294139,2024-10-06,2020-01-16,146.57168959001348,"08520 Ramsey Via
South William, IA 72432",4252929551714.0
snyderelizabeth@example.com,False,DELUXE,0.002024356766294139,2021-12-30,2022-11-29,213.11747865493217,"14950 Micheal Rapids Suite 563
South Edwin, MI 91316",3580653121301558.0
gsummers@example.org,True,BASIC,0.002024356766294139,2020-02-04,2020-04-11,138.04934841882195,"45024 Timothy Street Suite 862
South Brittanyfort, PR 76735",3545372078277752.0
lisa58@example.com,False,BASIC,0.002024356766294139,2022-09-06,2020-05-28,122.77634048667215,"437 Mclaughlin Stream Suite 255
West Erin, AR 09412",6011741281954811.0
justinrussell@example.com,False,BASIC,0.002024356766294139,2023-01-20,2020-04-29,249.84762430951,"70554 Bauer Well
West Thomas, AS 24892",4105379037487.0
andrea37@example.com,False,BASIC,0.002024356766294139,2020-03-22,2023-08-20,103.93241023520224,"706 Valenzuela Prairie
Griffintown, WI 85269",4.62844506253371e+18
vgibbs@example.net,False,BASIC,0.002024356766294139,2020-08-04,2020-04-09,181.01414011352605,"230 Tina Heights Suite 721
New Johnshire, LA 11820",371158354368281.0
gsmith@example.com,False,SUITE,0.002024356766294139,2020-04-07,2020-01-13,347.9191181686284,"71586 Nichols Summit Apt. 561
Andreamouth, OH 53740",3520672707576428.0
cookvictoria@example.com,False,DELUXE,0.002024356766294139,2024-11-16,2020-07-05,224.8588401232651,"9869 Humphrey Grove Suite 606
North Lindaberg, IA 90860",3562824585812792.0
maddoxbecky@example.com,False,BASIC,0.002024356766294139,2020-09-06,2020-01-07,158.51475282868364,"3431 Flores Isle Apt. 098
Matthewfurt, OR 97086",676384420953.0
jonestroy@example.com,True,DELUXE,0.002024356766294139,2025-01-14,2023-06-01,138.4809364549937,"04219 Williams Inlet Apt. 378
Lake Jill, AS 86170",585949326912.0
floressteven@example.com,True,SUITE,0.002024356766294139,2021-06-10,2020-05-04,105.0025104119619,"USS King
FPO AP 40006",4542580152566.0
adammeyers@example.com,True,DELUXE,0.002024356766294139,2020-10-11,2020-10-04,108.8251267989653,"86463 Eric Hill Apt. 519
Johnsonborough, SD 82542",4074684529365193.0
mcclainkristen@example.org,True,BASIC,0.002024356766294139,2020-08-12,2020-06-25,125.56084437663702,"5786 Sandra Shore Suite 067
Brandonton, GU 84879",676192528088.0
martineznoah@example.com,False,BASIC,0.002024356766294139,2020-01-05,2020-05-25,424.84,"0756 Townsend Road
Bradfordbury, AL 45116",344836360488235.0
geraldnunez@example.org,False,SUITE,0.002024356766294139,2020-08-31,2020-01-20,361.7652849136396,"40888 Stone Lodge
Leeview, SC 04997",575890903249.0
mccallemily@example.com,False,DELUXE,0.002024356766294139,2020-01-27,2024-08-28,351.643031579959,"23497 Marcus Circles Suite 898
North Olivia, FL 72405",587383291057.0
lisa22@example.org,True,SUITE,0.002024356766294139,2020-02-10,2020-03-15,155.97010790699858,"59032 Fisher Branch Suite 167
Port Victoria, PW 98685",30022485883936.0
gary63@example.org,True,DELUXE,0.002024356766294139,2021-07-08,2024-07-02,163.69406893447137,"USNV Hanson
FPO AP 39125",6598040311884374.0
matthew35@example.org,False,BASIC,0.002024356766294139,2020-06-18,2020-03-26,121.40748149091588,"514 Joseph Crossroad
Deborahmouth, IN 11227",3534146554863209.0
williamterrell@example.net,True,BASIC,0.002024356766294139,2020-07-30,2020-01-28,118.97908727519741,"7338 Robert Ville
Douglasmouth, CA 45743",2230166293440258.0
jennifermorgan@example.org,False,BASIC,0.002024356766294139,2021-07-17,2022-01-15,261.4958049467714,"794 Katie Unions
Davidmouth, VT 86996",4070306417826821.0
spencerjimenez@example.com,False,BASIC,0.002024356766294139,2020-02-29,2020-04-15,173.86167606156343,"3910 Johnson Stravenue
North Mariah, SD 83293",6576727936684900.0
pattersonsherry@example.com,False,SUITE,0.002024356766294139,2020-04-10,2020-02-07,154.60137875762655,"14537 Daniel Cove Apt. 087
Whiteburgh, NM 78454",4.837098695286782e+18
jeremykoch@example.org,False,BASIC,0.002024356766294139,2020-09-12,2023-05-14,116.1433487722315,"543 Benjamin Run Suite 665
Schmidtberg, FL 10195",213155883289329.0
tgilbert@example.com,False,SUITE,0.002024356766294139,2022-12-18,2022-02-09,125.93622767832753,"949 Davis Mountains
South Brett, AR 60790",4391069000695688.0
mtucker@example.net,False,BASIC,0.002024356766294139,2021-03-04,2020-01-12,137.42353542906721,"USS Mitchell
FPO AE 30033",4024879953814.0
danielreed@example.com,False,DELUXE,0.002024356766294139,2021-09-12,2023-12-09,108.39946083382011,"05981 Brett Turnpike
North Justinborough, MO 22487",502002382922.0
jonathan78@example.net,False,BASIC,0.002024356766294139,2020-07-31,2024-07-23,142.84518865173843,"1683 Rice Parkway
North Davidton, IN 88323",30282996795629.0
brownerin@example.com,False,DELUXE,0.002024356766294139,2025-02-07,2023-12-07,258.65375664380815,"783 Perez Pine
Archerport, OK 58248",6500499380790655.0
james61@example.org,False,SUITE,0.002024356766294139,2020-06-07,2025-02-13,163.8022578499552,"USNV May
FPO AE 27186",180093665919111.0
michaeladams@example.com,True,SUITE,0.002024356766294139,2020-08-02,2024-09-18,97.02625670453656,"88098 Brown Streets Suite 279
Perezfurt, FM 03788",4604463572730.0
medinadaniel@example.org,False,BASIC,0.002024356766294139,2021-09-04,2024-03-04,108.60182016815008,"93464 John Land Suite 012
Camachoport, PA 74451",3587811821680415.0
emma28@example.org,True,DELUXE,0.002024356766294139,2021-02-14,2021-06-14,184.67397244424143,"384 Kathleen Track
Kristinview, AR 93857",6549563607049600.0
pamela53@example.com,False,SUITE,0.002024356766294139,2024-12-09,2020-07-16,146.7209875458111,"PSC 0536, Box 2978
APO AE 25193",572139941635.0
russellhines@example.org,False,BASIC,0.002024356766294139,2021-04-21,2020-06-21,424.84,"5002 Darin Village Suite 511
Port Adriennemouth, VA 52038",3526408138140342.0
kari52@example.com,False,BASIC,0.002024356766294139,2021-05-25,2020-08-14,114.06217337125025,"817 Martinez Spring
Christianmouth, CT 30299",3539352500243216.0
cstevenson@example.org,False,BASIC,0.002024356766294139,2020-10-02,2022-05-05,105.76727909026152,"7551 Tracy Forges
North Lauraton, WY 26145",4724362216396235.0
stephenmoore@example.com,False,BASIC,0.002024356766294139,2020-06-05,2020-01-09,98.87363055153658,"USCGC Williams
FPO AA 90297",4233850057488461.0
markbennett@example.org,False,SUITE,0.002024356766294139,2021-03-04,2020-08-21,157.57932348959247,"USS James
FPO AP 35379",5554572416657994.0
nrodriguez@example.org,True,BASIC,0.002024356766294139,2020-07-20,2020-04-17,167.81736529015552,"96949 Flowers Valley
New Kimberly, ID 05805",180032779928618.0
christiantaylor@example.org,False,BASIC,0.002024356766294139,2021-08-23,2020-04-23,338.2412539580985,"75750 Moran Knolls Suite 469
Lake Jeffreyville, FM 50985",503888463679.0
benderanthony@example.com,True,BASIC,0.002024356766294139,2025-02-24,2023-11-26,204.7194672166337,"954 Evans Ridges Apt. 902
North Michelle, IN 97610",2502037468012951.0
annfranco@example.org,False,BASIC,0.002024356766294139,2020-01-07,2020-02-24,303.0095285968486,"703 Lee Hill Apt. 207
East Rickytown, OK 26590",30122206312361.0
amcneil@example.org,False,BASIC,0.002024356766294139,2020-03-02,2020-07-29,291.3845436564716,"1151 Russell Overpass Apt. 381
East Jessica, TN 80052",3512747567898375.0
melanie84@example.com,False,BASIC,0.002024356766294139,2020-12-16,2020-03-11,124.80710609945304,"9687 Samantha Union
Petersonbury, MN 87122",6520625905825768.0
pserrano@example.org,False,DELUXE,0.002024356766294139,2020-12-31,2022-09-18,210.7833468443352,"963 Joseph Coves
West Jessicashire, FM 99538",4.754367698906453e+18
garysilva@example.org,False,BASIC,0.002024356766294139,2021-02-08,2024-09-24,133.41316842485872,"3024 Wong Row Apt. 060
Johnsonland, FM 43848",3563625601043141.0
samanthaortiz@example.com,False,SUITE,0.002024356766294139,2024-12-05,2020-09-29,141.2391697837704,"5289 Natalie Orchard
Jamesfurt, DC 04546",3507996477247937.0
whitney53@example.net,False,BASIC,0.002024356766294139,2025-01-20,2020-04-28,366.82034788795534,"8038 Hall Fort Apt. 481
Mathewsborough, OH 90536",4308196425923.0
kellybarnes@example.net,True,BASIC,0.002024356766294139,2024-12-28,2020-07-09,148.21132940067724,"8518 Lam Islands Suite 458
East Trevorville, FM 67790",3542839193433265.0
mataandre@example.com,False,SUITE,0.002024356766294139,2021-06-18,2024-08-27,199.425256447024,"8624 Jackson Isle
New Ronaldville, MI 42556",4402062341874.0
katienelson@example.org,True,DELUXE,0.002024356766294139,2020-11-08,2024-12-08,186.19404064858233,"PSC 9020, Box 4017
APO AA 40690",30452444304528.0
andrew63@example.org,True,BASIC,0.002024356766294139,2023-02-17,2020-04-25,211.10949512604031,"USS Lowe
FPO AE 14197",4.465817477567798e+18
marilyn64@example.org,True,BASIC,0.002024356766294139,2020-05-03,2020-01-27,162.22992587516458,"10423 Shelia Island Suite 590
South Tonyafort, KS 27891",4103150719142.0
helenpearson@example.net,False,BASIC,0.002024356766294139,2020-06-12,2020-10-22,99.30858727593404,"PSC 5106, Box 3125
APO AP 69958",4.342228459188165e+18
annerodriguez@example.com,True,BASIC,0.002024356766294139,2024-05-20,2023-12-27,257.037196427915,"74964 Wilson Bypass Apt. 720
Hornville, WI 01000",4.800539969667494e+18
jjones@example.com,False,BASIC,0.002024356766294139,2020-01-15,2020-01-12,256.76952409019657,"935 Anderson Light Apt. 794
New Michelleport, NJ 06534",345950222986606.0
kristenpowers@example.net,True,BASIC,0.002024356766294139,2020-02-08,2024-02-24,189.32247706899489,"6623 Kenneth Lane
Lebury, FM 11590",3594387735733625.0
paigeshannon@example.net,True,DELUXE,0.002024356766294139,2024-08-20,2024-05-29,351.4474434669401,"388 Dennis Port Apt. 194
Port Christian, NC 85692",3560508665279202.0
ronald88@example.org,False,BASIC,0.002024356766294139,2024-07-26,2021-02-03,298.05567098006964,"51468 Mayer Ridge Apt. 894
Lake Dennis, MP 81028",3532058780500244.0
natasha91@example.com,False,DELUXE,0.002024356766294139,2025-02-16,2020-06-10,233.52386553001824,"428 Judy Fall Apt. 054
Port Michelle, TN 55512",180089386288596.0
toddsamantha@example.org,True,BASIC,0.002024356766294139,2020-09-25,2020-03-18,121.3531706989501,"85112 Cameron Roads
Port Kyle, MH 15820",180031350313240.0
tylersilva@example.org,False,BASIC,0.002024356766294139,2024-10-18,2020-05-06,177.23344763352117,"PSC 6746, Box 6137
APO AP 80588",3503491085055926.0
millerjoshua@example.org,True,BASIC,0.002024356766294139,2020-05-28,2020-07-24,197.9710215654003,"4388 Ramsey Motorway
Robersonchester, CA 21720",30243430348391.0
tiffany78@example.org,False,SUITE,0.002024356766294139,2024-01-04,2020-09-29,161.89454331016782,"155 Jackson Glen Suite 149
Homouth, MN 61668",4.0290036941050076e+18
garyking@example.com,False,SUITE,0.002024356766294139,2020-10-05,2024-09-17,123.65024729232096,"6118 Bryan Land Suite 769
Aliburgh, MA 55733",630467009282.0
courtney08@example.com,False,BASIC,0.002024356766294139,2020-11-23,2020-07-12,153.0796823299325,"3081 Paul Drive Apt. 903
Port Amberfurt, NH 91741",3578642879704927.0
jonathanandersen@example.org,True,BASIC,0.002024356766294139,2020-03-15,2020-07-02,133.5480283433011,"43922 Barnes Rapids
New Dale, PA 13283",4004400672740628.0
jason29@example.com,False,SUITE,0.002024356766294139,2020-09-04,2020-07-07,102.08586426333882,"4444 Perkins Via Apt. 331
Branchside, TN 93438",213187334622873.0
scannon@example.org,True,BASIC,0.002024356766294139,2020-08-11,2020-02-27,149.77620198025087,"78124 Hodges Hollow
East Sharonberg, AL 82710",345459301411890.0
pdelgado@example.org,False,SUITE,0.002024356766294139,2020-11-04,2020-04-16,233.14289516201143,"208 Kenneth Place
New Steven, NJ 95932",347714006815482.0
tyler72@example.org,False,DELUXE,0.002024356766294139,2020-01-06,2024-09-06,121.82722665666454,"84391 William Stream Suite 738
New Tanner, NC 76549",4710509286952968.0
pachecocatherine@example.com,False,BASIC,0.002024356766294139,2025-01-11,2020-01-15,221.8117978471242,"75831 Carmen Parkway Apt. 418
Michaelville, VT 70928",584122686044.0
vruiz@example.com,False,BASIC,0.002024356766294139,2024-12-11,2020-03-12,238.950212130674,"6410 King Mews
Smithhaven, ME 99729",30328427985204.0
medinagarrett@example.com,False,BASIC,0.002024356766294139,2020-01-21,2020-08-04,130.1334684305971,"1575 Watkins Mount
Erinhaven, MD 47002",4171590774769017.0
wgregory@example.net,False,DELUXE,0.002024356766294139,2020-12-23,2024-06-09,147.2944600207511,"663 Sellers Gateway Apt. 386
Kington, TN 40045",4529491451476.0
lmiranda@example.org,True,SUITE,0.002024356766294139,2020-03-05,2024-11-14,138.78012107890044,"928 Lisa Hill Apt. 464
East Kimberly, OK 94855",4190390765600553.0
hubbardryan@example.com,False,BASIC,0.002024356766294139,2021-03-04,2022-07-31,120.28635668479679,"90250 Sergio Rue Apt. 477
Troyview, TX 47949",345218316385675.0
williamstim@example.org,False,DELUXE,0.002024356766294139,2020-09-30,2020-06-18,353.6472905311624,"9263 Thomas Estate
North Tyler, OH 24833",503807157881.0
ann17@example.com,False,DELUXE,0.002024356766294139,2021-08-10,2020-01-23,144.88696845605068,"824 David Stravenue
East Michael, SC 55578",4083370365065043.0
pearsonhannah@example.org,False,DELUXE,0.002024356766294139,2021-11-06,2024-10-23,111.2453184725049,"0586 Gregory Plains
Port Jamieberg, MP 25211",373487777577089.0
timothy45@example.com,False,BASIC,0.002024356766294139,2020-10-06,2020-05-06,110.0592689558783,"68870 Johnson Walk Suite 082
Lake Samanthashire, TN 90897",5395575898997690.0
jking@example.net,True,BASIC,0.002024356766294139,2024-09-25,2020-05-29,132.93091862943814,"861 Rose Mission Apt. 591
Kelseyshire, MA 00850",3556034113400643.0
mcgrathmark@example.com,False,SUITE,0.002024356766294139,2021-04-27,2020-12-25,163.49039805088336,"30313 Taylor Forges Apt. 244
East Lucasport, CO 48690",4176059658160912.0
sarah38@example.com,True,BASIC,0.002024356766294139,2020-06-29,2020-06-03,262.34076500799836,"836 Miller Flat Apt. 097
Lake Rebeccamouth, AK 87895",2718566834717547.0
jennyesparza@example.net,False,BASIC,0.002024356766294139,2020-06-27,2020-05-08,171.8642445664824,"827 Erica Lock
New Darrellview, MA 69451",3577243656456962.0
nicole78@example.org,True,BASIC,0.002024356766294139,2020-11-19,2021-11-22,424.84,"083 Sheila Freeway
Lake Meghan, AL 37432",4092777823952902.0
sheilabrown@example.org,False,DELUXE,0.002024356766294139,2020-06-10,2020-10-12,115.04661842603974,"13366 Terri Wall
Michaelside, CA 01711",6011388868659379.0
jortiz@example.net,False,BASIC,0.002024356766294139,2024-05-31,2020-01-09,140.64029957744663,"4768 Jordan Roads
Port Markmouth, HI 80433",4478064153725727.0
frederick44@example.net,False,BASIC,0.002024356766294139,2025-02-20,2020-01-08,111.87772432031446,"02194 Kimberly Freeway
Comptonmouth, AL 70925",376360717106383.0
alexisstewart@example.com,True,BASIC,0.002024356766294139,2020-08-24,2020-01-16,98.07805194574765,"10781 Felicia Ridges Suite 056
Lake Amy, GU 88259",4618123029543.0
racheljames@example.net,False,BASIC,0.002024356766294139,2020-10-05,2020-05-02,244.26507832825473,"96993 Ramirez Estates Apt. 648
Makaylatown, MS 69461",30231897215179.0
jdavis@example.org,False,BASIC,0.002024356766294139,2021-04-26,2020-04-24,158.17881533780348,"Unit 3844 Box 1112
DPO AE 99905",4769226903625188.0
nancy59@example.com,True,DELUXE,0.002024356766294139,2020-05-09,2020-10-09,140.12699396867626,"212 Jackson Spurs
Port Amy, NM 99347",180071429174249.0
rubiodenise@example.net,True,DELUXE,0.002024356766294139,2021-06-12,2020-03-02,123.3799643172478,"58608 Robinson Tunnel
Port Ronald, ID 66735",3572552896217322.0
castrojennifer@example.net,False,DELUXE,0.002024356766294139,2024-11-17,2021-07-18,119.36239488041848,"06518 David Passage Suite 572
Joshuaside, WV 27011",2578970074750128.0
jshaffer@example.net,False,BASIC,0.002024356766294139,2021-01-17,2020-04-24,124.224852799816,"57167 Angela Crossing Suite 095
Feliciamouth, AL 71386",676119345616.0
jhamilton@example.net,False,DELUXE,0.002024356766294139,2020-12-05,2024-12-19,157.2593652958708,"6743 Erin Village
East Stacey, CT 58008",4480470939959207.0
jacknguyen@example.org,False,BASIC,0.002024356766294139,2020-11-09,2024-06-22,121.43586380603433,"USNV Meyers
FPO AP 95904",3504542017272069.0
schroederrichard@example.org,False,BASIC,0.002024356766294139,2020-03-13,2020-04-11,144.18442201975844,"09523 Matthew Shore
North Melissaburgh, IL 79780",3528377372190040.0
tonymcdaniel@example.com,False,BASIC,0.002024356766294139,2022-02-02,2022-11-02,114.94868107236022,"893 Lee Mission Suite 791
North Corymouth, AS 30829",3542035750968153.0
nealelizabeth@example.com,False,SUITE,0.002024356766294139,2020-04-04,2020-12-27,167.84759082923085,"531 Joseph Spurs Suite 501
Jamieview, LA 92685",4507862860854606.0
smithjacqueline@example.com,False,DELUXE,0.002024356766294139,2020-01-06,2020-11-14,204.53554423014384,"610 Hill Branch
Webbchester, ME 19575",4735396562237392.0
annette15@example.net,True,SUITE,0.002024356766294139,2021-01-19,2020-01-10,103.32395504291225,"4461 Martinez Isle
Christinastad, DE 48252",342190628757037.0
denniselizabeth@example.net,False,DELUXE,0.002024356766294139,2020-06-17,2020-01-12,106.69863520769378,"6145 Peterson Path Suite 885
New Jasmine, IN 06707",4.0635179437270554e+18
juliemarquez@example.net,True,SUITE,0.002024356766294139,2020-06-09,2020-05-07,149.819610774451,"404 Monica Pike
Lambburgh, MD 03860",180096363353400.0
bondkatelyn@example.net,False,SUITE,0.002024356766294139,2024-11-10,2020-07-13,148.38759237287016,"435 Osborne Grove
Lake Sarah, MH 69849",4570256160597.0
hroach@example.com,False,BASIC,0.002024356766294139,2020-02-11,2021-11-28,120.48469003531082,"328 Alexandra Brook
Ritterton, FL 95362",5592151072226370.0
wbailey@example.org,True,SUITE,0.002024356766294139,2020-04-21,2020-07-30,121.2094382063541,"42225 Leslie Unions Suite 732
Parkmouth, PR 99801",4723478112392143.0
nross@example.com,True,BASIC,0.002024356766294139,2025-01-22,2020-07-31,138.52905166777225,"Unit 8331 Box 0563
DPO AP 93278",3517615423232177.0
lcarr@example.com,False,BASIC,0.002024356766294139,2020-12-26,2020-01-26,109.72894851378938,"074 Scott Mountains Apt. 022
Shawville, ME 08733",345613011325465.0
davidfoster@example.com,False,SUITE,0.002024356766294139,2020-11-01,2024-03-19,119.73077222041879,"USNS Bell
FPO AP 93194",6533382546567384.0
francisco02@example.net,True,BASIC,0.002024356766294139,2020-11-14,2020-03-13,117.25967461847934,"21551 Henderson Burgs
Christopherfurt, OR 29447",630414632509.0
nflores@example.org,False,BASIC,0.002024356766294139,2020-04-13,2020-08-16,198.8370701419022,"3837 Gray Ports Apt. 967
Port Deborah, IA 91172",4.5513666627424364e+18
bradley60@example.org,True,BASIC,0.002024356766294139,2021-07-16,2020-11-19,176.82544315033897,"93264 Carrie Island Suite 297
Taylorhaven, IA 29477",589412042550.0
brandythompson@example.org,False,DELUXE,0.002024356766294139,2021-05-03,2020-04-15,120.27259640748764,"PSC 4497, Box 3250
APO AP 29238",4.3516230262783345e+18
nelsonkristin@example.net,True,BASIC,0.002024356766294139,2020-09-26,2024-09-20,287.6797671830086,"USNV Anderson
FPO AE 15353",3527229378184991.0
davisjermaine@example.org,False,BASIC,0.002024356766294139,2023-10-14,2020-07-16,122.94727001959916,"829 Joseph Loaf Apt. 437
Lake Kevinborough, IA 18335",4825820550619353.0
zcaldwell@example.com,True,BASIC,0.002024356766294139,2021-01-29,2020-01-20,108.35752010620008,"8162 Marvin Flats
East Daniel, AK 17997",2289243280806708.0
stephaniecortez@example.net,False,BASIC,0.002024356766294139,2021-06-15,2020-12-10,128.84023245889588,"70823 Timothy Parks
Ericside, SD 29797",213180609726669.0
tina62@example.com,False,BASIC,0.002024356766294139,2021-04-02,2023-06-12,127.51320549615411,"02794 Taylor Landing Apt. 213
South Shawnview, DC 01412",38786060718400.0
wwallace@example.org,True,BASIC,0.002024356766294139,2020-04-10,2020-03-30,155.24726038790578,"194 Simon Burgs Suite 087
Scotttown, PR 93349",213174227977531.0
erinatkins@example.net,False,SUITE,0.002024356766294139,2020-05-18,2020-05-14,126.21305577969724,"9772 Beltran Crest
East Robertaburgh, MI 91500",4035052143601.0
lopezcharles@example.net,False,BASIC,0.002024356766294139,2024-12-19,2020-01-09,158.19819619942308,"562 Miranda Falls Suite 398
Georgehaven, IN 06542",4799509779578.0
jrogers@example.org,True,SUITE,0.002024356766294139,2020-05-16,2020-03-09,147.19884142813336,"813 Brown Junction
Lake Kenneth, FL 17146",213175992415615.0
jennifer88@example.net,False,DELUXE,0.002024356766294139,2020-06-16,2024-07-26,102.7927764899792,"121 Lopez Isle Suite 581
South Amy, IA 67205",675934825166.0
dianejohnson@example.net,False,DELUXE,0.002024356766294139,2020-04-28,2020-09-26,101.53031695955723,"635 Aaron Rapid
West Leslieville, NJ 13718",376754364917367.0
justincain@example.net,False,BASIC,0.002024356766294139,2024-05-26,2020-08-23,118.7150991626711,"6038 Lutz Center Apt. 293
Gailland, AK 38233",4581755386568040.0
scott38@example.net,False,DELUXE,0.002024356766294139,2020-07-01,2020-02-02,292.1024292253042,"6642 Gentry Branch Apt. 374
Millerberg, CA 31394",6011912822818415.0
stephanietravis@example.com,False,SUITE,0.002024356766294139,2020-02-23,2020-05-13,189.17540487014583,"PSC 0892, Box 9398
APO AP 56678",213144563845667.0
ymorgan@example.net,True,DELUXE,0.002024356766294139,2022-03-01,2020-09-19,197.7707892738161,"55250 Christina Prairie
North Justin, ND 59749",503856478949.0
robertsonnicole@example.org,False,DELUXE,0.002024356766294139,2021-05-14,2024-07-22,283.9365079438196,"222 Patrick Unions Suite 187
Leahshire, MD 67195",4.475842683583784e+18
carolynjohnson@example.org,False,BASIC,0.002024356766294139,2025-02-12,2023-09-04,122.79414697758614,"440 Wiggins Plains
West Michaelside, IL 14675",4919355050664.0
valenciasarah@example.net,False,BASIC,0.002024356766294139,2021-03-04,2020-06-14,143.59263004521287,"59667 Henderson Roads Suite 244
Joneschester, WI 36643",3524618837584069.0
danny38@example.org,True,BASIC,0.002024356766294139,2024-11-02,2020-12-04,146.19636484749867,"526 Joseph Points Apt. 141
Bakerborough, FM 87141",2238469366520564.0
joshua85@example.net,False,BASIC,0.002024356766294139,2020-07-09,2021-02-22,138.1469338532373,"0423 Scott Terrace
North Jacob, FL 35980",4464663739362099.0
nhamilton@example.com,False,BASIC,0.002024356766294139,2025-01-10,2020-05-07,104.5342177027956,"33510 Samantha Path
Gabrielastad, VA 97870",4007082672208124.0
wilsontimothy@example.com,False,BASIC,0.002024356766294139,2024-11-16,2020-03-29,132.2526057281932,"PSC 3124, Box 9688
APO AP 10094",4792174139806.0
sdavis@example.net,False,BASIC,0.002024356766294139,2025-02-28,2020-03-18,298.9616239949634,"5750 Martinez Divide Suite 864
Port Lawrence, HI 72746",340636444993802.0
zimmermanshelley@example.net,False,BASIC,0.002024356766294139,2023-06-27,2020-03-12,132.30071566642718,"182 Johnson Plaza Apt. 626
Justinstad, NJ 46393",4.365809901566952e+18
leslieespinoza@example.org,False,SUITE,0.002024356766294139,2021-07-28,2021-02-24,143.4442360351081,"65472 Pena Harbor
East Elizabethburgh, ND 82864",2280701468517032.0
wilkinsjesse@example.org,False,BASIC,0.002024356766294139,2020-01-17,2020-06-22,156.58510974453162,"8956 Huang Forge
New Aaron, NY 84182",2710220245055638.0
bduncan@example.net,False,BASIC,0.002024356766294139,2020-07-01,2021-04-26,97.74557084015223,"Unit 0404 Box 6908
DPO AP 47474",6011832120447511.0
stephen53@example.com,True,BASIC,0.002024356766294139,2021-09-02,2021-02-18,211.47621228074416,"84722 Cooper Harbors Apt. 205
Port Jessicaland, MD 14230",3552794389768304.0
jeffrey18@example.net,False,BASIC,0.002024356766294139,2020-08-01,2020-03-02,248.46738809626768,"USCGC Brown
FPO AA 90802",2720783975666161.0
wmaxwell@example.net,True,BASIC,0.002024356766294139,2021-04-08,2020-04-22,108.15693058870818,"534 Williams Fields Apt. 375
Joneston, OH 30147",30094829072542.0
michaelrobbins@example.net,False,BASIC,0.002024356766294139,2020-05-30,2020-02-06,145.06867649906337,"839 Contreras Brooks Apt. 885
Katiemouth, MT 86924",213112280480803.0
hernandezchad@example.org,False,BASIC,0.002024356766294139,2024-11-27,2020-03-27,140.70820934255218,"84808 Rice Cliffs Apt. 729
Lake Roger, OR 56511",3571485222798965.0
beckkeith@example.net,False,BASIC,0.002024356766294139,2021-09-08,2022-11-03,140.52476999888134,"3823 Joseph Orchard
Churchburgh, NM 05879",4841866487585209.0
teresalane@example.com,False,BASIC,0.002024356766294139,2021-02-03,2020-08-02,106.06522721312658,"497 Monique Causeway Apt. 483
Jacksonbury, NM 46972",3566369930620512.0
smithrichard@example.com,False,BASIC,0.002024356766294139,2024-12-11,2020-02-21,112.09061177373832,"6532 Jasmine Views
Matthewhaven, VT 44972",4956457281802973.0
rbradley@example.com,False,SUITE,0.002024356766294139,2020-11-10,2023-10-19,138.83528500951525,"4340 Robert Locks
Tonystad, ME 68326",3555795086708722.0
mary03@example.com,False,BASIC,0.002024356766294139,2020-05-17,2020-03-07,114.30513648379754,"1125 Richard Corner
Miguelside, MT 75540",180094009012399.0
aschroeder@example.com,False,BASIC,0.002024356766294139,2020-03-23,2020-02-16,109.06490068668874,"9032 John Ramp Suite 423
East Abigailville, CA 99203",4.713994640174076e+18
